-- phpMyAdmin SQL Dump
-- version 4.2.11
-- http://www.phpmyadmin.net
--
-- Host: 127.0.0.1
-- Generation Time: Jun 06, 2022 at 02:43 AM
-- Server version: 5.6.21
-- PHP Version: 5.6.3

SET SQL_MODE = "NO_AUTO_VALUE_ON_ZERO";
SET time_zone = "+00:00";


/*!40101 SET @OLD_CHARACTER_SET_CLIENT=@@CHARACTER_SET_CLIENT */;
/*!40101 SET @OLD_CHARACTER_SET_RESULTS=@@CHARACTER_SET_RESULTS */;
/*!40101 SET @OLD_COLLATION_CONNECTION=@@COLLATION_CONNECTION */;
/*!40101 SET NAMES utf8 */;

--
-- Database: `toyland`
--

-- --------------------------------------------------------

--
-- Table structure for table `admin`
--

CREATE TABLE IF NOT EXISTS `admin` (
`id` int(11) NOT NULL,
  `username` varchar(255) NOT NULL,
  `password` varchar(255) NOT NULL,
  `creationDate` timestamp NOT NULL DEFAULT CURRENT_TIMESTAMP,
  `updationDate` varchar(255) NOT NULL
) ENGINE=InnoDB AUTO_INCREMENT=2 DEFAULT CHARSET=latin1;

--
-- Dumping data for table `admin`
--

INSERT INTO `admin` (`id`, `username`, `password`, `creationDate`, `updationDate`) VALUES
(1, 'admin', 'e10adc3949ba59abbe56e057f20f883e', '2022-02-20 16:21:18', '2022-02-20 21:21:18');

-- --------------------------------------------------------

--
-- Table structure for table `category`
--

CREATE TABLE IF NOT EXISTS `category` (
`id` int(11) NOT NULL,
  `categoryName` varchar(255) NOT NULL,
  `categoryDescription` longtext NOT NULL,
  `creationDate` timestamp NOT NULL DEFAULT CURRENT_TIMESTAMP,
  `updationDate` varchar(255) NOT NULL
) ENGINE=InnoDB AUTO_INCREMENT=75 DEFAULT CHARSET=latin1;

--
-- Dumping data for table `category`
--

INSERT INTO `category` (`id`, `categoryName`, `categoryDescription`, `creationDate`, `updationDate`) VALUES
(69, 'Electronic Toys', 'Electronic Toys', '2022-02-24 14:18:37', ''),
(70, 'Electronic Pets Toys', 'Electronic Pets Toys', '2022-02-24 14:18:50', ''),
(71, 'Indoor & Outdoor Play', 'Indoor & Outdoor Play', '2022-02-24 14:19:02', ''),
(72, 'Kids Bikes Toys', 'Kids Bikes Toys', '2022-02-24 14:19:17', ''),
(73, 'Learning Toys', 'Learning Toys', '2022-02-24 14:19:24', '');

-- --------------------------------------------------------

--
-- Table structure for table `orders`
--

CREATE TABLE IF NOT EXISTS `orders` (
`id` int(11) NOT NULL,
  `userId` int(11) NOT NULL,
  `productId` varchar(255) NOT NULL,
  `quantity` int(11) NOT NULL,
  `orderDate` timestamp NOT NULL DEFAULT CURRENT_TIMESTAMP,
  `paymentMethod` varchar(50) DEFAULT NULL,
  `orderStatus` varchar(55) DEFAULT NULL
) ENGINE=InnoDB AUTO_INCREMENT=26 DEFAULT CHARSET=latin1;

--
-- Dumping data for table `orders`
--

INSERT INTO `orders` (`id`, `userId`, `productId`, `quantity`, `orderDate`, `paymentMethod`, `orderStatus`) VALUES
(25, 5, '68', 1, '2022-06-06 00:42:22', 'COD', NULL);

-- --------------------------------------------------------

--
-- Table structure for table `ordertrackhistory`
--

CREATE TABLE IF NOT EXISTS `ordertrackhistory` (
`id` int(11) NOT NULL,
  `orderId` int(11) NOT NULL,
  `status` varchar(255) NOT NULL,
  `remark` mediumtext NOT NULL,
  `postingDate` timestamp NOT NULL DEFAULT CURRENT_TIMESTAMP
) ENGINE=InnoDB DEFAULT CHARSET=latin1;

-- --------------------------------------------------------

--
-- Table structure for table `productreviews`
--

CREATE TABLE IF NOT EXISTS `productreviews` (
`id` int(11) NOT NULL,
  `productId` int(11) NOT NULL,
  `quality` int(11) NOT NULL,
  `price` int(11) NOT NULL,
  `value` int(11) NOT NULL,
  `name` varchar(255) NOT NULL,
  `summary` varchar(255) NOT NULL,
  `review` longtext NOT NULL,
  `reviewDate` timestamp NOT NULL DEFAULT CURRENT_TIMESTAMP
) ENGINE=InnoDB DEFAULT CHARSET=latin1;

-- --------------------------------------------------------

--
-- Table structure for table `products`
--

CREATE TABLE IF NOT EXISTS `products` (
`id` int(11) NOT NULL,
  `category` int(11) NOT NULL,
  `subCategory` int(11) NOT NULL,
  `productName` varchar(255) NOT NULL,
  `productCompany` varchar(255) NOT NULL,
  `productPrice` int(11) NOT NULL,
  `productPriceBeforeDiscount` int(11) NOT NULL,
  `productDescription` longtext NOT NULL,
  `productImage1` varchar(255) NOT NULL,
  `productImage2` varchar(255) NOT NULL,
  `productImage3` varchar(255) NOT NULL,
  `shippingCharge` int(11) NOT NULL,
  `productAvailability` varchar(255) NOT NULL,
  `postingDate` timestamp NOT NULL DEFAULT CURRENT_TIMESTAMP,
  `updationDate` varchar(255) NOT NULL
) ENGINE=InnoDB AUTO_INCREMENT=71 DEFAULT CHARSET=latin1;

--
-- Dumping data for table `products`
--

INSERT INTO `products` (`id`, `category`, `subCategory`, `productName`, `productCompany`, `productPrice`, `productPriceBeforeDiscount`, `productDescription`, `productImage1`, `productImage2`, `productImage3`, `shippingCharge`, `productAvailability`, `postingDate`, `updationDate`) VALUES
(65, 69, 80, 'Penguin Building Block Track Set', 'Toy Land', 1650, 1700, 'Penguin Building Block Track Set With slide gear blocks, building 3D space, freewheels stand, more fun<br>', 'Penguin Building Block Track Set.jpg', 'Penguin Building Block Track Setd.jpg', 'Penguin Building Block Track Setg.jpg', 0, 'In Stock', '2022-02-24 14:24:04', ''),
(66, 71, 81, 'Dolu City House Playhouse Indoor or Outdoor ', 'Toy Land', 41500, 42000, 'Dolu City House Playhouse Indoor or Outdoor More children can play&nbsp;<br>', 'Dolu City House Playhouse Indoor or Outdoor f.jpg', 'Dolu City House Playhouse Indoor or Outdoor ff.jpg', 'Dolu City House Playhouse Indoor or Outdoor.jpg', 0, 'In Stock', '2022-02-24 14:26:31', ''),
(67, 72, 82, 'Mini Ducati Kids Ride on Bike Hand Race Option', 'Toy Land', 8200, 8500, 'Mini Ducati Kids Ride on Bike Hand Race Option&nbsp;<br>', 'Mini Ducati Kids Ride on Bike Hand Race Option.jpg', 'Mini Ducati Kids Ride on Bike Hand Race Optionf.jpg', 'Mini Ducati Kids Ride on Bike Hand Race Optiong.jpg', 0, 'In Stock', '2022-02-24 14:29:47', ''),
(68, 73, 83, 'Multifunctional Calendar Clock', 'Toy Land', 1150, 1200, 'Material: Wooden&nbsp;<div>Age: 3-10 years&nbsp;</div><div>Dimension: 30 cm x 30 cm&nbsp;</div><div><br></div><div>Cognitive toys that integrate date, week, month, weather, time and season.<br></div>', 'Multifunctional Calendar Clocka.jpg', 'Multifunctional Calendar Clockb.jpg', 'Multifunctional Calendar Clockc.jpg', 0, 'In Stock', '2022-06-06 00:35:54', ''),
(69, 73, 83, 'Wooden Xylophone – Musical Toy', 'Toy Land', 580, 600, 'Best&nbsp;Wooden Xylophone – Musical Toy', 'Wooden Xylophone – Musical Toy.jpg', 'Wooden Xylophone – Musical Toyv.jpg', 'Wooden Xylophone – Musical Toyvv.jpg', 0, 'In Stock', '2022-06-06 00:37:50', ''),
(70, 73, 83, 'WinFun Letter Train & Piano Activity Table', 'Toy Land', 5800, 6000, 'Best&nbsp;WinFun Letter Train &amp; Piano Activity Table', 'WinFun Letter Train & Piano Activity Table.jpg', 'WinFun Letter Train & Piano Activity Tablev.jpg', 'WinFun Letter Train & Piano Activity Tablevv.jpg', 0, 'In Stock', '2022-06-06 00:40:11', '');

-- --------------------------------------------------------

--
-- Table structure for table `subcategory`
--

CREATE TABLE IF NOT EXISTS `subcategory` (
`id` int(11) NOT NULL,
  `categoryid` int(11) NOT NULL,
  `subcategory` varchar(255) NOT NULL,
  `creationDate` timestamp NOT NULL DEFAULT CURRENT_TIMESTAMP,
  `updationDate` varchar(255) NOT NULL
) ENGINE=InnoDB AUTO_INCREMENT=85 DEFAULT CHARSET=latin1;

--
-- Dumping data for table `subcategory`
--

INSERT INTO `subcategory` (`id`, `categoryid`, `subcategory`, `creationDate`, `updationDate`) VALUES
(80, 69, 'Electric Music Players & Karaoke', '2022-02-24 14:19:43', ''),
(81, 71, 'Jumping Games', '2022-02-24 14:20:11', ''),
(82, 72, 'Battery Kids Cars', '2022-02-24 14:20:25', ''),
(83, 73, 'Drawing & Painting Supplies', '2022-02-24 14:20:39', '');

-- --------------------------------------------------------

--
-- Table structure for table `userlog`
--

CREATE TABLE IF NOT EXISTS `userlog` (
`id` int(11) NOT NULL,
  `userEmail` varchar(255) NOT NULL,
  `userip` binary(16) NOT NULL,
  `loginTime` timestamp NOT NULL DEFAULT CURRENT_TIMESTAMP,
  `logout` varchar(255) NOT NULL,
  `status` int(11) NOT NULL
) ENGINE=InnoDB DEFAULT CHARSET=latin1;

-- --------------------------------------------------------

--
-- Table structure for table `users`
--

CREATE TABLE IF NOT EXISTS `users` (
`id` int(11) NOT NULL,
  `name` varchar(255) NOT NULL,
  `email` varchar(255) NOT NULL,
  `contactno` bigint(11) NOT NULL,
  `password` varchar(255) NOT NULL,
  `shippingAddress` longtext NOT NULL,
  `shippingState` varchar(255) NOT NULL,
  `shippingCity` varchar(255) NOT NULL,
  `shippingPincode` int(11) NOT NULL,
  `billingAddress` longtext NOT NULL,
  `billingState` varchar(255) NOT NULL,
  `billingCity` varchar(255) NOT NULL,
  `billingPincode` int(11) NOT NULL,
  `regDate` timestamp NOT NULL DEFAULT CURRENT_TIMESTAMP,
  `updationDate` varchar(255) NOT NULL
) ENGINE=InnoDB AUTO_INCREMENT=6 DEFAULT CHARSET=latin1;

--
-- Dumping data for table `users`
--

INSERT INTO `users` (`id`, `name`, `email`, `contactno`, `password`, `shippingAddress`, `shippingState`, `shippingCity`, `shippingPincode`, `billingAddress`, `billingState`, `billingCity`, `billingPincode`, `regDate`, `updationDate`) VALUES
(5, 'user', 'user@gmail.com', 321123456, 'e10adc3949ba59abbe56e057f20f883e', 'Lahore', 'Punjab', 'Lahore', 36050, 'Lahore', 'Punjab', 'Lahore', 36050, '2022-02-20 16:21:18', '');

-- --------------------------------------------------------

--
-- Table structure for table `wishlist`
--

CREATE TABLE IF NOT EXISTS `wishlist` (
`id` int(11) NOT NULL,
  `userId` int(11) NOT NULL,
  `productId` int(11) NOT NULL,
  `postingDate` timestamp NOT NULL DEFAULT CURRENT_TIMESTAMP
) ENGINE=InnoDB DEFAULT CHARSET=latin1;

--
-- Indexes for dumped tables
--

--
-- Indexes for table `admin`
--
ALTER TABLE `admin`
 ADD PRIMARY KEY (`id`);

--
-- Indexes for table `category`
--
ALTER TABLE `category`
 ADD PRIMARY KEY (`id`);

--
-- Indexes for table `orders`
--
ALTER TABLE `orders`
 ADD PRIMARY KEY (`id`);

--
-- Indexes for table `ordertrackhistory`
--
ALTER TABLE `ordertrackhistory`
 ADD PRIMARY KEY (`id`);

--
-- Indexes for table `productreviews`
--
ALTER TABLE `productreviews`
 ADD PRIMARY KEY (`id`);

--
-- Indexes for table `products`
--
ALTER TABLE `products`
 ADD PRIMARY KEY (`id`);

--
-- Indexes for table `subcategory`
--
ALTER TABLE `subcategory`
 ADD PRIMARY KEY (`id`);

--
-- Indexes for table `userlog`
--
ALTER TABLE `userlog`
 ADD PRIMARY KEY (`id`);

--
-- Indexes for table `users`
--
ALTER TABLE `users`
 ADD PRIMARY KEY (`id`);

--
-- Indexes for table `wishlist`
--
ALTER TABLE `wishlist`
 ADD PRIMARY KEY (`id`);

--
-- AUTO_INCREMENT for dumped tables
--

--
-- AUTO_INCREMENT for table `admin`
--
ALTER TABLE `admin`
MODIFY `id` int(11) NOT NULL AUTO_INCREMENT,AUTO_INCREMENT=2;
--
-- AUTO_INCREMENT for table `category`
--
ALTER TABLE `category`
MODIFY `id` int(11) NOT NULL AUTO_INCREMENT,AUTO_INCREMENT=75;
--
-- AUTO_INCREMENT for table `orders`
--
ALTER TABLE `orders`
MODIFY `id` int(11) NOT NULL AUTO_INCREMENT,AUTO_INCREMENT=26;
--
-- AUTO_INCREMENT for table `ordertrackhistory`
--
ALTER TABLE `ordertrackhistory`
MODIFY `id` int(11) NOT NULL AUTO_INCREMENT;
--
-- AUTO_INCREMENT for table `productreviews`
--
ALTER TABLE `productreviews`
MODIFY `id` int(11) NOT NULL AUTO_INCREMENT;
--
-- AUTO_INCREMENT for table `products`
--
ALTER TABLE `products`
MODIFY `id` int(11) NOT NULL AUTO_INCREMENT,AUTO_INCREMENT=71;
--
-- AUTO_INCREMENT for table `subcategory`
--
ALTER TABLE `subcategory`
MODIFY `id` int(11) NOT NULL AUTO_INCREMENT,AUTO_INCREMENT=85;
--
-- AUTO_INCREMENT for table `userlog`
--
ALTER TABLE `userlog`
MODIFY `id` int(11) NOT NULL AUTO_INCREMENT;
--
-- AUTO_INCREMENT for table `users`
--
ALTER TABLE `users`
MODIFY `id` int(11) NOT NULL AUTO_INCREMENT,AUTO_INCREMENT=6;
--
-- AUTO_INCREMENT for table `wishlist`
--
ALTER TABLE `wishlist`
MODIFY `id` int(11) NOT NULL AUTO_INCREMENT;
/*!40101 SET CHARACTER_SET_CLIENT=@OLD_CHARACTER_SET_CLIENT */;
/*!40101 SET CHARACTER_SET_RESULTS=@OLD_CHARACTER_SET_RESULTS */;
/*!40101 SET COLLATION_CONNECTION=@OLD_COLLATION_CONNECTION */;
